IDnumber,group,year,athlete,class,teacher,pulse1,pulse2
2482,caf,jr,varsity,9am,A,71,76
7137,caf,sr,varsity,9am,A,58,61
9014,caf,jr,jv,9am,A,58,62
5971,caf,jr,jv,9am,A,74,77
1448,caf,jr,varsity,9am,A,58,68
9392,caf,jr,n,9am,A,81,85
7505,caf,jr,varsity,9am,A,63,70
2560,caf,jr,varsity,9am,A,66,69
9354,caf,sr,varsity,9am,A,66,73
5622,caf,sr,n,9am,A,80,85
3706,caf,jr,jv,9am,A,66,76
1106,caf,jr,n,9am,A,86,94
6265,non,sr,varsity,11am,B,65,64
6997,non,sr,n,11am,B,71,72
9643,non,sr,jv,11am,B,59,60
4734,non,sr,n,11am,B,84,87
5703,non,jr,jv,11am,B,73,77
6456,non,sr,n,11am,B,85,83
8644,non,jr,jv,11am,B,72,67
5864,non,sr,n,11am,B,79,84
