 AvgTeacherSalary($) ,DistrictName
60697,Abington  SD
50156,Abington Heights SD
45448,Albert Gallatin Area SD
46504,Aliquippa SD
52424,Allegheny Valley SD
42508,Allegheny-Clarion Valley SD
50831,Allentown City SD
48376,Altoona Area SD
49992,Ambridge Area SD
45368,Annville-Cleona SD
47169,Antietam SD
51145,Apollo-Ridge SD
53487,Armstrong SD
50216,Athens Area SD
39270,Austin Area SD
45687,Avella Area SD
46099,Avon Grove SD
48109,Avonworth SD
42562,Bald Eagle Area SD
56941,Baldwin-Whitehall SD
43300,Bangor Area School District
47331,Beaver Area SD
45485,Bedford Area SD
47220,Belle Vernon Area SD
45860,Bellefonte Area SD
47051,Bellwood-Antis SD
67738,Bensalem Township SD
40175,Benton Area SD
47421,Bentworth SD
45961,Berlin Brothersvalley SD
43721,Bermudian Springs SD
46494,Berwick Area SD
52446,Bethel Park
48909,Bethlehem Area SD
42564,Bethlehem-Center SD
46487,Big Beaver Falls Area SD
40629,Big Spring SD
53170,Blackhawk SD
45885,Blacklick Valley SD
49936,Blairsville-Saltsburg SD
44087,Bloomsburg Area SD
48978,Blue Mountain SD
43619,Blue Ridge SD
52388,Boyertown Area SD
46580,Bradford Area SD
52428,Brandywine Heights Area SD
47473,Brentwood Borough SD
60758,Bristol Borough SD
62661,Bristol Township SD
45909,Brockway Area SD
45417,Brookville Area SD
45889,Brownsville Area School District
52477,Bucks Co Technical High School
44408,Burgettstown Area SD
45169,Burrell SD
49465,Butler Area SD
43716,California Area SD
48653,Cambria Heights SD
43655,Cameron County SD
49372,Camp Hill SD
49916,Canon-McMillan SD
48565,Canton Area SD
38386,Carbon County AVTS
48830,Carbondale Area SD
32682,Career Connections CHS
44006,Carlisle Area SD
58072,Carlynton SD
44025,Carmichaels Area SD
51955,Catasauqua Area SD
58998,Centennial SD
50901,Center Area SD
57649,Center for Arts and Technology
34000,Center for Economics & Law CS
60232,Central Bucks SD
46451,Central Cambria SD
49856,Central Columbia SD
45033,Central Dauphin SD
45869,Central Fulton SD
49571,Central Greene SD
47009,Central York SD
46474,Chambersburg Area SD
46386,Charleroi Area SD
46751,Chartiers Valley School District
44524,Chartiers-Houston SD
67064,Cheltenham Township SD
53423,Chester-Upland SD
43956,Chestnut Ridge SD
55760,Chichester SD
47366,Clairton City SD
47676,Clarion Area SD
43743,Clarion-Limestone Area SD
39328,Claysburg-Kimmel SD
45565,Clearfield Area SD
46225,Coatesville Area SD
46841,Cocalico SD
59466,Colonial SD
44544,Columbia Borough SD
45655,Columbia-Montour AVTS
47130,Commodore Perry SD
39026,Community Acad of Philadelphia CS
43937,Conemaugh Township Area SD
40481,Conemaugh Valley SD
51855,Conestoga Valley SD
46853,Conewago Valley SD
43650,Conneaut SD
47073,Connellsville Area SD
51671,Conrad Weiser Area SD
45877,Cornell SD
49597,Cornwall-Lebanon SD
43839,Corry Area SD
45407,Coudersport Area SD
75326,Council Rock SD
42346,Cranberry Area SD
45511,Crawford Central SD
56539,Crestwood SD
46595,Cumberland Valley SD
45915,Curwensville Area SD
50367,Dallas SD
56645,Dallastown Area SD
46013,Daniel Boone Area SD
45743,Danville Area SD
45157,Dauphin County AVTS
51768,Deer Lakes SD
52555,Delaware County AVTS
35374,Delaware Valley CHS
45569,Delaware Valley SD
45731,Derry Area SD
47558,Derry Township SD
46060,Donegal SD
45416,Dover Area SD
51163,Downingtown Area SD
48254,Dubois Area SD
50897,Dunmore SD
45082,Duquesne City SD
49898,East Allegheny SD
45166,East Lycoming SD
53026,East Penn SD
46690,East Pennsboro Area SD
44751,East Stroudsburg Area SD
46247,Eastern Lancaster County SD
51873,Eastern Lebanon County SD
43077,Eastern York SD
44920,Easton Area SD
50244,Elizabeth Forward SD
45568,Elizabethtown Area SD
44828,Elk Lake School District
50327,Ellwood City Area SD
46999,Ephrata Area SD
45831,Erie City SD
47593,Everett Area SD
51058,Exeter Township SD
42632,Fairfield Area SD
49355,Fairview SD
36136,Fannett-Metal SD
47094,Farrell Area SD
39603,Ferndale Area SD
46367,Fleetwood Area SD
38641,Forbes Road SD
46763,Forest Area SD
41353,Forest City Regional SD
44949,Forest Hills SD
42761,Fort Cherry SD
45001,Fort Leboeuf SD
57044,Fox Chapel Area SD
45632,Franklin Area SD
53796,Franklin Regional SD
35963,Franklin Towne CHS
46507,Frazier SD
47415,Freedom Area SD
51272,Freeport Area SD
43145,Galeton Area SD
49165,Garnet Valley School District
66691,Gateway SD
47926,General McLane SD
47107,Gettysburg Area SD
48132,Girard SD
38385,Glendale SD
52764,Governor Mifflin SD
60338,Great Valley SD
48204,Greater Johnstown AVTS
48411,Greater Johnstown SD
48569,Greater Latrobe SD
55544,Greater Nanticoke Area SD
49058,Greencastle-Antrim SD
49828,Greensburg Salem SD
45556,Greenville Area SD
40867,Greenwood SD
47504,Grove City Area SD
42895,Halifax Area SD
56006,Hamburg Area SD
57060,Hampton Township SD
54261,Hanover Area SD
50343,Hanover Public SD
46772,Harbor Creek SD
37903,Harmony Area SD
49123,Harrisburg City SD
61324,Hatboro-Horsham SD
54539,Haverford Township SD
51881,Hazleton Area SD
51559,Hempfield  SD
55661,Hempfield Area SD
46581,Hermitage SD
49713,Highlands School District
45635,Hollidaysburg Area SD
51063,Homer-Center SD
48231,Hopewell Area SD
40537,Huntingdon Area SD
37269,Imhotep Institute CHS
54040,Indiana Area School District
61384,Interboro SD
45357,Iroquois SD
45499,Jamestown Area SD
44706,Jeannette City SD
47746,Jefferson County-Dubois AVTS
44178,Jefferson-Morgan SD
63221,Jenkintown SD
50596,Jersey Shore Area SD
45183,Jim Thorpe Area SD
48179,Johnsonburg Area SD
38769,Juniata County SD
41790,Juniata Valley SD
45540,Kane Area SD
44807,Karns City Area SD
53027,Kennett Consolidated School District
43117,Keystone  SD
49791,Keystone Central SD
31957,Keystone Education Center CS
57764,Keystone Oaks SD
53583,Kiski Area SD
51774,Kutztown Area SD
35939,La Academia CS
45862,Lackawanna Trail SD
46880,Lakeland SD
48648,Lake-Lehman SD
48453,Lakeview SD
50209,Lampeter-Strasburg SD
48925,Lancaster SD
46890,Laurel  SD
53576,Laurel Highlands SD
52366,Lawrence County AVTS
47439,Lebanon SD
51545,Leechburg Area SD
53092,Lehigh Career & Technical Institute
48659,Lehighton Area SD
48574,Lenape AVTS
47103,Lewisburg Area SD
52246,Ligonier Valley SD
39627,Line Mountain SD
44211,Littlestown Area SD
46812,Lower Dauphin SD
67853,Lower Merion SD
67700,Lower Moreland Township SD
52625,Loyalsock Township SD
43835,Mahanoy Area SD
49373,Manheim Central SD
49160,Manheim Township SD
47908,Marion Center Area SD
59730,Marple Newtown SD
45198,Mars Area SD
35224,MaST Community CS
33649,Math Civics and Sciences CS
48703,McGuffey SD
48923,McKeesport Area SD
44606,Mechanicsburg Area SD
46023,Mercer Area SD
52419,Methacton SD
43850,Meyersdale Area SD
42908,Mid Valley SD
47307,Middletown Area School District
43180,Midd-West SD
43195,Mifflin County SD
43239,Mifflinburg Area SD
47776,Millcreek Township SD
42719,Millersburg Area SD
39785,Millville Area SD
44558,Milton Area SD
43006,Minersville Area SD
50436,Mohawk Area SD
49407,Monaca SD
42469,Monessen City SD
48089,Moniteau SD
46550,Montgomery Area SD
60753,Montour SD
50038,Montoursville Area SD
48924,Montrose Area SD
58247,Moon Area SD
65186,Morrisville Borough SD
45667,Moshannon Valley SD
39518,Mount Carmel Area SD
47884,Mount Pleasant Area SD
42127,Mount Union Area SD
45103,Mountain View SD
57642,Mt Lebanon SD
52295,Muhlenberg SD
32469,Multi-Cultural Academy CS
46699,Muncy SD
52135,Nazareth Area SD
73345,Neshaminy SD
50069,Neshannock Township SD
45241,New Brighton Area SD
53213,New Castle Area SD
61790,New Hope-Solebury SD
46253,New Kensington-Arnold SD
40631,Newport SD
54369,Norristown Area SD
63918,North Allegheny SD
44156,North Clarion County SD
46452,North East SD
59202,North Hills SD
59613,North Montco Tech Career Ctr
60727,North Penn SD
51054,North Pocono SD
45328,North Schuylkill SD
43249,North Star SD
51723,Northampton Area SD
50679,Northeast Bradford SD
26417,Northeast CS
45336,Northeastern York SD
43412,Northern Bedford County SD
47701,Northern Cambria SD
47513,Northern Lebanon SD
50411,Northern Lehigh SD
45669,Northern Potter SD
40579,Northern Tioga SD
43807,Northern York County SD
48048,Northgate SD
36792,Northside Urban Pathways CS
54584,Northwest Area SD
41766,Northwestern  SD
50233,Northwestern Lehigh SD
50961,Norwin SD
50822,Octorara Area SD
47187,Oil City Area SD
49998,Old Forge SD
46416,Oley Valley SD
40098,Oswayo Valley SD
43859,Otto-Eldred SD
53530,Owen J Roberts SD
44784,Oxford Area SD
59915,Palisades SD
50118,Palmerton Area SD
44607,Palmyra Area SD
42497,Panther Valley SD
51604,Parkland SD
46646,Pen Argyl Area SD
46058,Penn Cambria SD
45240,Penn Hills SD
49529,Penn Manor SD
45015,Penncrest SD
52426,Penn-Delco SD
61737,Pennridge SD
48825,Penns Manor Area SD
45383,Penns Valley Area SD
68628,Pennsbury SD
49299,Penn-Trafford SD
47819,Pequea Valley SD
53274,Perkiomen Valley SD
50671,Peters Township SD
50966,Philadelphia City SD
43007,Philipsburg-Osceola Area SD
54273,Phoenixville Area SD
47714,Pine Grove Area SD
48933,Pine-Richland SD
59093,Pittsburgh SD
54580,Pittston Area SD
43152,Pleasant Valley SD
54411,Plum Borough SD
41341,Pocono Mountain SD
44710,Port Allegany SD
45707,Portage Area SD
57925,Pottsgrove SD
50281,Pottstown SD
50308,Pottsville Area SD
37168,Preparatory CS
48591,Punxsutawney Area SD
46939,Purchase Line SD
58558,Quaker Valley SD
70462,Quakertown Community SD
65277,Radnor Township SD
44737,Reading SD
44844,Red Lion Area SD
43803,Redbank Valley SD
45422,Reynolds SD
48468,Richland SD
24428,Ridgeview Academy CS
46079,Ridgway Area SD
54184,Ridley SD
49879,Ringgold SD
49633,Riverside  SD
47219,Riverside Beaver County SD
49524,Riverview SD
32410,Roberto Clemente CS
42866,Rochester Area SD
44537,Rockwood Area SD
58092,Rose Tree Media SD
49113,Saint Marys Area SD
53516,Salisbury Township SD
36602,Salisbury-Elk Lick SD
50901,Saucon Valley SD
47137,Sayre Area SD
46666,Schuylkill Haven Area SD
57578,Schuylkill Valley SD
54315,Scranton SD
52901,Selinsgrove Area SD
46934,Seneca Valley SD
49449,Shade-Central City SD
55591,Shaler Area SD
41856,Shamokin Area SD
40159,Shanksville-Stonycreek SD
45658,Sharon City SD
48118,Sharpsville Area SD
38569,Shenandoah Valley SD
51787,Shenango Area SD
51302,Shikellamy SD
47923,Shippensburg Area SD
47663,Slippery Rock Area SD
45818,Smethport Area SD
46270,Solanco SD
48834,Somerset Area SD
58118,Souderton Area SD
44015,South Allegheny SD
47973,South Butler County SD
45370,South Eastern SD
54606,South Fayette Township SD
44509,South Middleton SD
54827,South Park SD
53614,South Side Area SD
48961,South Western SD
44337,South Williamsport Area SD
56943,Southeast Delco SD
47031,Southeastern Greene SD
42341,Southern Columbia Area SD
41201,Southern Fulton SD
35800,Southern Huntingdon County SD
48238,Southern Lehigh SD
43228,Southern Tioga SD
49257,Southern York County SD
49749,Southmoreland SD
30900,Spectrum CS
43022,Spring Cove SD
46322,Spring Grove Area SD
49720,Springfield SD
56039,Springfield Township SD
47435,Spring-Ford Area SD
47090,State College Area SD
51323,Steel Valley SD
42224,Steelton-Highspire SD
52660,Sto-Rox SD
45978,Stroudsburg Area SD
26398,Sugar Valley Rural CS
50009,Sullivan County SD
45805,Susquehanna Community SD
47071,Susquehanna Township SD
43622,Susquenita SD
47168,Tamaqua Area SD
43795,Titusville Area SD
49204,Towanda Area SD
60215,Tredyffrin-Easttown SD
50620,Trinity Area SD
44230,Tri-Valley SD
50341,Troy Area SD
50887,Tulpehocken Area SD
49077,Tunkhannock Area SD
31447,Turkeyfoot Valley Area SD
46983,Tuscarora SD
45165,Tussey Mountain SD
52427,Twin Valley SD
38737,Tyrone Area SD
43253,Union  SD
46767,Union Area SD
41656,Union City Area SD
45569,Uniontown Area SD
58466,Unionville-Chadds Ford SD
50166,United SD
44680,Upper Adams SD
52447,Upper Darby SD
44321,Upper Dauphin Area SD
57638,Upper Dublin SD
68481,Upper Merion Area SD
59638,Upper Moreland Township SD
61256,Upper Perkiomen SD
62241,Upper Saint Clair SD
43518,Valley Grove SD
46211,Valley View SD
34981,Village CS of Chester-Upland
48987,Wallenpaupack Area SD
58353,Wallingford-Swarthmore SD
41236,Warren County SD
42202,Warrior Run SD
51301,Warwick SD
47154,Washington SD
43895,Wattsburg Area SD
52981,Wayne Highlands SD
43906,Waynesboro Area SD
44390,Weatherly Area SD
44578,Wellsboro Area SD
52286,West Allegheny SD
40592,West Branch Area SD
59555,West Chester Area SD
48360,West Greene SD
59455,West Jefferson Hills SD
50353,West Middlesex Area SD
54216,West Mifflin Area SD
40920,West Perry SD
47546,West Shore SD
49765,West Side AVTS
40196,West York Area SD
42898,Western Beaver County SD
49450,Western Ctr for Tech Studies
51367,Western Wayne SD
51497,Westmont Hilltop SD
49495,Whitehall-Coplay SD
56803,Wilkes-Barre Area SD
45256,Wilkinsburg Borough SD
53122,William Penn SD
40878,Williams Valley SD
38103,Williamsburg Community SD
52800,Williamsport Area SD
45657,Wilmington Area SD
53673,Wilson  SD
43546,Wilson Area SD
47261,Windber Area SD
60494,Wissahickon SD
52974,Woodland Hills SD
35400,World Communications CS
49671,Wyalusing Area SD
53564,Wyoming Area SD
56113,Wyoming Valley West SD
53569,Wyomissing Area SD
50282,York City SD
43193,York County School of Technology
54322,York Suburban SD
49424,Yough SD
