# name: PA_district_data_funding2
# attribute -- name: AUN, editable: true
# attribute -- name: School District, editable: true
# attribute -- name: County, editable: true
# attribute -- name: MedianHHincome, description: median household income within the district, editable: true
# attribute -- name: Sparsity, description: a measurement of how sparse or rural the district is, editable: true
# attribute -- name: PovertyPct0_99, description: what % of students in the district are below the poverty line, editable: true
# attribute -- name: PovertyPct0_184, description: what % of students in the district are below the threshold for free school lunch (below 184% of the poverty line  for their households), editable: true
# attribute -- name: StudentCount, description: Number of students in the district, editable: true
# attribute -- name: WhitePct, description: % of students in the district who identify as White, editable: true
# attribute -- name: ActualStateFundsPerStudent, description: actual state funds per student in the district, editable: true
# attribute -- name: FairFormulaFundsPerStudent, description: funds per student if state funds were divided according to the fair funding formula, editable: true
AUN,School District,County,MedianHHincome,Sparsity,PovertyPct0_99,PovertyPct0_184,StudentCount,WhitePct,ActualStateFundsPerStudent,FairFormulaFundsPerStudent
101260303,Albert Gallatin Area SD,Fayette,38707,0.5568,35.7,58.6,3504,92.4,6720,4238
101260803,Brownsville Area SD,Fayette,35991,0.6798,33.4,55.4,1736,80.9,7171,5161
101261302,Connellsville Area SD,Fayette,40113,0.4595,36.8,53.7,4706,95.2,6490,3920
101262903,Frazier SD,Fayette,51429,0.7863,21.1,28.5,1214,98.2,5674,2362
101264003,Laurel Highlands SD,Fayette,40074,0.4202,22.3,46.1,3046,88,4655,3685
101268003,Uniontown Area SD,Fayette,35677,0.6811,28.6,43.6,2898,75.9,5439,3937
101301303,Carmichaels Area SD,Greene,40255,0.7494,20.9,33.9,1121,97.9,6237,3743
101301403,Central Greene SD,Greene,51469,0.7754,13,26.1,1860,97.3,4452,2306
101303503,Jefferson-Morgan SD,Greene,46837,0.8371,25.4,45.9,810,95.4,6775,3413
101306503,Southeastern Greene SD,Greene,46875,0.8986,21.1,41,625,100,7989,3400
101308503,West Greene SD,Greene,51667,0.9216,11.9,32.6,693,100,4920,4734
101630504,Avella Area SD,Washington,63125,0.9097,15.7,26.1,569,98.2,7524,1325
101630903,Bentworth SD,Washington,51168,0.7946,20.5,38.1,1123,93.1,5605,2383
101631003,Bethlehem-Center SD,Washington,49577,0.7609,17.6,33.3,1298,95.3,6744,2317
101631203,Burgettstown Area SD,Washington,50215,0.8254,7.1,24.7,1234,96.6,5126,2200
101631503,California Area SD,Washington,42208,0.7695,18.4,29.3,936,94.1,6227,2098
101631703,Canon-McMillan SD,Washington,62909,0.0802,4.4,11.6,5109,89.4,2268,2025
101631803,Charleroi SD,Washington,41760,0.5191,29.2,47.5,1628,84.3,4848,3953
101631903,Chartiers-Houston SD,Washington,58912,0.6531,5.6,19.4,1124,89.6,4238,1757
101632403,Fort Cherry SD,Washington,54043,0.8025,9,31.5,1066,95.4,6065,1622
101633903,McGuffey SD,Washington,58632,0.7954,9.1,24.9,1756,97.2,5820,1746
101636503,Peters Township SD,Washington,108500,-0.4722,3.1,5.8,4076,92.5,1347,1052
101637002,Ringgold SD,Washington,51069,0.4368,17.9,44.6,3031,87,4221,2146
101638003,Trinity Area SD,Washington,58560,0.5098,18.2,24.7,3312,91.3,3563,1817
101638803,Washington SD,Washington,38798,-1.5828,29.7,50.7,1564,55.8,5623,3842
102027451,Pittsburgh SD,Allegheny,40571,-3.851,32.9,51.6,27227,33.2,5906,3410
103020603,Allegheny Valley SD,Allegheny,49098,0.4172,24.5,39.2,958,96.4,2631,2809
103020753,Avonworth SD,Allegheny,86487,0.0648,3,6.3,1653,90.4,1543,1187
103021003,Pine-Richland SD,Allegheny,109091,-0.1525,3.4,4.7,4510,91.2,1139,1110
103021102,Baldwin-Whitehall SD,Allegheny,56514,-1.4664,13.9,24.6,4281,78.4,2268,1984
103021252,Bethel Park SD,Allegheny,70423,-1.3169,6.7,17.8,4224,93.4,2142,1532
103021453,Brentwood Borough SD,Allegheny,51685,-3.768,11.6,27.6,1237,87.1,3931,3057
103021603,Carlynton SD,Allegheny,47292,-1.4486,29.3,43.5,1450,76.1,2937,2353
103021752,Chartiers Valley SD,Allegheny,59920,-0.2402,9.3,19.9,3415,82.9,1467,1620
103021903,Clairton City SD,Allegheny,30207,-0.6754,33,59.8,902,20.7,8132,7385
103022103,Cornell SD,Allegheny,35397,-0.0157,26.7,56.9,698,66.4,2721,5015
103022253,Deer Lakes SD,Allegheny,58025,0.5655,9.2,20,2005,98.2,3040,2189
103022503,Duquesne City SD,Allegheny,19776,-1.1584,50.5,67.9,803,12.4,14794,13391
103022803,East Allegheny SD,Allegheny,38524,-0.1989,25.2,44.5,1886,59.9,3637,5243
103023153,Elizabeth Forward SD,Allegheny,55569,0.5001,13.4,26.3,2390,94.9,3905,2067
103023912,Fox Chapel Area SD,Allegheny,76670,-0.0292,7.4,18.4,4206,83.9,862,1527
103024102,Gateway SD,Allegheny,53503,-0.2819,16.5,26.8,3608,63.1,2137,2528
103024603,Hampton Township SD,Allegheny,83526,-0.2138,5.4,16.2,2867,93.2,1761,1368
103024753,Highlands SD,Allegheny,46030,0.1656,25.5,41.6,2659,83.4,4350,3455
103025002,Keystone Oaks SD,Allegheny,54623,-1.5452,25.6,37.6,1936,84.6,2550,2099
103026002,McKeesport Area SD,Allegheny,35188,-0.8053,42,60.9,4010,46.1,6230,5488
103026303,Montour SD,Allegheny,67236,0.0284,3.7,15.7,2922,85.4,1401,1453
103026343,Moon Area SD,Allegheny,71613,-0.1054,4.3,15.3,3825,84.3,1714,1673
103026402,Mt Lebanon SD,Allegheny,81274,-3.9417,8,13.6,5229,88.2,1219,1468
103026852,North Allegheny SD,Allegheny,95085,-0.6289,3.1,5.4,8050,82.8,1171,1073
103026873,Northgate SD,Allegheny,39192,-2.7401,18.5,31.2,1219,70.7,3378,3013
103026902,North Hills SD,Allegheny,63093,-0.8629,6.8,18.2,4336,89.2,1430,1634
103027352,Penn Hills SD,Allegheny,48491,-0.6804,21.3,42.7,4567,31.3,3613,2918
103027503,Plum Borough SD,Allegheny,67700,-0.0863,5,12.2,3953,89.9,3271,1317
103027753,Quaker Valley SD,Allegheny,71927,0.4282,6.8,15.2,1811,85.6,790,1771
103028203,Riverview SD,Allegheny,52454,-1.3702,10.5,22.2,985,86.5,3044,2109
103028302,Shaler Area SD,Allegheny,59350,-1.0914,10.7,25.3,4578,92.3,2480,1752
103028653,South Allegheny SD,Allegheny,40509,-0.035,16.3,39.8,1567,89.6,6222,3497
103028703,South Fayette Township SD,Allegheny,74105,0.0149,3.3,8.6,2949,80.2,1116,2166
103028753,South Park SD,Allegheny,67796,-0.2438,10.1,21.4,1867,92.6,3427,1740
103028833,Steel Valley SD,Allegheny,41539,-1.5296,24.4,46.3,1762,57.7,5103,3135
103028853,Sto-Rox SD,Allegheny,31332,-1.867,37.6,67.8,1750,33.9,5453,8329
103029203,Upper Saint Clair SD,Allegheny,112929,-1.5203,0.8,5.4,4003,84.8,1095,1014
103029403,West Allegheny SD,Allegheny,68592,0.4172,4.3,15.4,3380,92,1733,2029
103029553,West Jefferson Hills SD,Allegheny,69098,0.0064,3.8,6.4,2810,93.3,2014,1622
103029603,West Mifflin Area SD,Allegheny,48662,-0.2091,20.4,41,2658,65.8,2744,3776
103029803,Wilkinsburg Borough SD,Allegheny,32324,-1.9191,37.4,75.6,1145,2.3,9243,5361
103029902,Woodland Hills SD,Allegheny,43134,-1.4212,32.1,51.1,4971,27.8,3173,4464
104101252,Butler Area SD,Butler,50248,0.1161,18.7,32.8,6907,93.4,3674,2079
104103603,Karns City Area SD,Butler,48977,0.7986,15.2,33.6,1552,100,6258,2673
104105003,Mars Area SD,Butler,89846,0.346,0.4,4.5,3237,96,1845,1071
104105353,Moniteau SD,Butler,51140,0.8353,23.5,37.2,1326,98.5,5813,2585
104107503,Slippery Rock Area SD,Butler,46135,0.7284,11,25.9,2179,95.8,3898,2348
104107803,South Butler County SD,Butler,57495,0.6431,8.3,20.8,2426,99,3174,1830
104107903,Seneca Valley SD,Butler,82958,-0.021,3.6,11.8,7111,92.5,1961,1223
104372003,Ellwood City Area SD,Lawrence,44956,0.5817,16.2,43.5,1746,92.4,6575,2772
104374003,Laurel  SD,Lawrence,52591,0.7879,13.3,36.8,1231,98,6154,2048
104375003,Mohawk Area SD,Lawrence,50718,0.7855,11.6,37.8,1498,97.8,6635,2195
104375203,Neshannock Township SD,Lawrence,62171,0.5032,9.2,24.8,1266,95.3,2538,1674
104375302,New Castle Area SD,Lawrence,30778,-0.5549,40.7,62.2,3355,65.6,7011,6791
104376203,Shenango Area SD,Lawrence,50993,0.6365,21.7,38.5,1199,96.9,6117,2294
104377003,Union Area SD,Lawrence,41543,0.5645,23.3,37.4,805,86.1,5950,3576
104378003,Wilmington Area SD,Lawrence,49512,0.8244,14.4,39.6,1182,96.6,4828,2279
104431304,Commodore Perry SD,Mercer,46151,0.9191,14.2,36.1,504,100,7611,2760
104432503,Farrell Area SD,Mercer,29535,-0.3725,39.7,72,768,15.6,9617,8753
104432803,Greenville Area SD,Mercer,42495,0.6194,25.2,42.5,1342,95.9,5169,3620
104432903,Grove City Area SD,Mercer,47320,0.6963,13.7,33.2,2007,83.6,4162,2327
104433303,Hermitage SD,Mercer,53480,0.432,7.2,18.4,2108,85,2848,2064
104433604,Jamestown Area SD,Mercer,41537,0.909,25.5,39.8,512,100,6052,4103
104433903,Lakeview SD,Mercer,49724,0.8549,25.5,43.7,1129,98.7,5928,2424
104435003,Mercer Area SD,Mercer,49970,0.8233,11.9,31.9,1151,97.3,4714,2380
104435303,Reynolds SD,Mercer,46759,0.8333,19.8,30.1,1098,95.1,7255,2490
104435603,Sharon City SD,Mercer,30720,-2.2802,34.1,59,2211,64.3,6741,7789
104435703,Sharpsville Area SD,Mercer,45434,0.6405,20.1,42.2,1231,94,5150,3426
104437503,West Middlesex Area SD,Mercer,43607,0.816,18.3,45.4,942,95.4,5818,3501
105201033,Conneaut SD,Crawford,47457,0.7676,16.5,40.6,2178,95.8,5118,2635
105201352,Crawford Central SD,Crawford,44385,0.5261,15.3,33.3,3880,85.9,4209,3221
105204703,Penncrest SD,Crawford,47724,0.6833,15.9,42.1,3052,94.6,6214,2580
105251453,Corry Area SD,Erie,41755,0.7605,23.1,45.4,2093,98.3,6260,3625
105252602,Erie City SD,Erie,34253,-2.7752,37.4,62.2,13698,41.9,4692,6705
105253303,Fairview SD,Erie,77316,0.5705,5.4,13.8,1623,92.4,1970,1666
105253553,Fort LeBoeuf SD,Erie,54827,0.7053,16.2,33.8,2208,95.8,3150,2426
105253903,General McLane SD,Erie,53535,0.708,15.6,42.9,2175,92.4,4839,1956
105254053,Girard SD,Erie,47932,0.5775,23.3,50.6,1779,93.8,4959,3688
105254353,Harbor Creek SD,Erie,62518,0.4826,8.3,33.9,2183,94.5,4050,1684
105256553,Iroquois SD,Erie,51381,-1.8412,7.3,26.9,1224,89,6924,3117
105257602,Millcreek Township SD,Erie,56099,-0.8876,12.9,24.2,6846,87.5,2103,2108
105258303,North East SD,Erie,49764,0.6453,18.9,30.6,1687,94.6,5132,2790
105258503,Northwestern  SD,Erie,50674,0.8075,19.3,42.6,1433,97.8,6359,2495
105259103,Union City Area SD,Erie,43080,0.815,18.9,38.8,1141,95.3,8248,3557
105259703,Wattsburg Area SD,Erie,63984,0.824,5.1,33.6,1390,94.2,4845,1921
105628302,Warren County SD,Warren,44042,0.5466,17.2,39.7,4729,97,5342,3031
106160303,Allegheny-Clarion Valley SD,Clarion,45346,0.9072,22.2,48.6,712,100,8293,3009
106161203,Clarion Area SD,Clarion,41314,0.8699,29.2,37.8,779,89.8,3699,3742
106161703,Clarion-Limestone Area SD,Clarion,35270,0.8776,22.3,32.2,934,95.9,5598,4566
106166503,Keystone  SD,Clarion,47661,0.8584,12.5,31.6,1083,98.1,6457,2853
106167504,North Clarion County SD,Clarion,50293,0.9201,15.5,33,586,98,5786,1805
106168003,Redbank Valley SD,Clarion,42103,0.8622,17.4,42.3,1147,98.9,7498,2852
106169003,Union  SD,Clarion,42432,0.9039,18.3,43.7,594,97.6,9517,4228
106172003,Dubois Area SD,Clearfield,44192,0.5727,22.5,44.9,3875,95,4062,3025
106272003,Forest Area SD,Forest,36973,0.9497,36.4,54.3,486,100,5679,7195
106330703,Brockway Area SD,Jefferson,47020,0.8648,16.1,36.8,1043,100,6713,2370
106330803,Brookville Area SD,Jefferson,42698,0.8265,20,39.3,1579,98.4,5721,3142
106338003,Punxsutawney Area SD,Jefferson,42438,0.751,21.2,51.3,2322,97.2,6646,2499
106611303,Cranberry Area SD,Venango,48580,0.8551,10.1,28.3,1210,97.4,5602,2262
106612203,Franklin Area SD,Venango,43565,0.7689,24.3,48.6,1965,92.1,5953,3266
106616203,Oil City Area SD,Venango,38288,0.6673,30.3,56.4,2130,95.3,6597,4641
106617203,Titusville Area SD,Venango,38616,0.7713,33,54.9,1973,93.8,7015,4907
106618603,Valley Grove SD,Venango,45625,0.8394,17,25.6,914,98.5,7244,2638
107650603,Belle Vernon Area SD,Westmoreland,54733,0.4591,11.5,31.9,2545,91.1,3823,2009
107650703,Burrell SD,Westmoreland,58077,0.4779,8.5,28.3,1798,95.3,3248,1826
107651603,Derry Area SD,Westmoreland,45535,0.6924,22.3,48.4,2142,95.5,5306,2778
107652603,Franklin Regional SD,Westmoreland,83160,0.1884,8.3,19.4,3496,87.8,2002,1285
107653102,Greater Latrobe SD,Westmoreland,54045,0.3312,10.8,26.2,4065,94.6,2650,2155
107653203,Greensburg Salem SD,Westmoreland,40569,0.4379,27.5,42.5,2986,84.7,3500,3412
107653802,Hempfield Area SD,Westmoreland,54650,0.0858,10.2,28.1,5956,94.2,3023,2161
107654103,Jeannette City SD,Westmoreland,40180,-1.6594,27.3,55.2,1095,70,7337,3688
107654403,Kiski Area SD,Westmoreland,50121,0.4588,10,25.9,3880,92.9,4096,2253
107654903,Ligonier Valley SD,Westmoreland,47478,0.8144,11.5,31.2,1688,99.1,3466,2585
107655803,Monessen City SD,Westmoreland,35447,-0.5916,30.5,57,864,48.9,7251,5152
107655903,Mount Pleasant Area SD,Westmoreland,49444,0.7015,18.8,38.4,2181,96.7,4165,2360
107656303,New Kensington-Arnold SD,Westmoreland,34412,-1.4786,45.2,60,2197,53.6,5549,6378
107656502,Norwin SD,Westmoreland,65855,-0.4207,5,17.7,5189,94.3,3059,1302
107657103,Penn-Trafford SD,Westmoreland,71742,0.0374,9.2,16.6,3884,95.6,3641,1242
107657503,Southmoreland SD,Westmoreland,45561,0.5863,16.8,39,1928,96.7,5009,2627
107658903,Yough SD,Westmoreland,48277,0.6532,19.5,37.7,2162,95.3,4565,2588
108051003,Bedford Area SD,Bedford,47515,0.7736,17.7,34.2,2068,96.3,3631,2186
108051503,Chestnut Ridge SD,Bedford,46316,0.826,18.5,39.4,1525,95.3,5438,2460
108053003,Everett Area SD,Bedford,40175,0.8576,20.4,52.3,1370,97.3,4398,4326
108056004,Northern Bedford County SD,Bedford,52796,0.8687,17.2,36.8,949,98.5,6120,2202
108058003,Tussey Mountain SD,Bedford,42545,0.8762,19.7,34.9,1010,100,7520,3540
108070502,Altoona Area SD,Blair,38104,-0.2949,24.3,47.7,7936,89.3,4958,3221
108071003,Bellwood-Antis SD,Blair,60772,0.7799,10.3,40,1260,97,5481,1829
108071504,Claysburg-Kimmel SD,Blair,39772,0.8422,37.5,54.2,868,100,6188,4852
108073503,Hollidaysburg Area SD,Blair,51930,0.5466,12.1,25.2,3478,94.9,3425,1872
108077503,Spring Cove SD,Blair,47363,0.7331,9.9,30.5,1924,95.8,4028,2250
108078003,Tyrone Area SD,Blair,47788,0.7837,13.8,33.3,1805,96.8,5118,2001
108079004,Williamsburg Community SD,Blair,45417,0.9136,17.2,44,499,97.8,6700,3777
108110603,Blacklick Valley SD,Cambria,38119,0.8342,33.8,59.3,668,100,7827,4364
108111203,Cambria Heights SD,Cambria,45740,0.8057,13.1,28.3,1419,99.1,6757,2725
108111303,Central Cambria SD,Cambria,50674,0.7598,11,26.5,1701,98.3,4323,1651
108111403,Conemaugh Valley SD,Cambria,43571,0.7274,15.4,39.3,803,92.4,7324,2627
108112003,Ferndale Area SD,Cambria,38569,0.3164,22,48.5,691,89.6,7746,3976
108112203,Forest Hills SD,Cambria,49152,0.7277,15.6,33.6,1886,98.6,6643,2094
108112502,Greater Johnstown SD,Cambria,28075,0.144,44.8,71.8,3108,51,5939,7207
108114503,Northern Cambria SD,Cambria,44668,0.8078,16.6,39.7,1077,100,8091,3026
108116003,Penn Cambria SD,Cambria,46705,0.7655,11.7,29.7,1682,98.8,5692,2182
108116303,Portage Area SD,Cambria,43958,0.7263,23.1,36.8,901,100,7485,2838
108116503,Richland SD,Cambria,51417,0.4527,18.3,29.1,1609,92.9,2061,2302
108118503,Westmont Hilltop SD,Cambria,62324,0.3462,14.7,26.5,1488,91,2697,1604
108561003,Berlin Brothersvalley SD,Somerset,44844,0.9043,22.8,48.4,777,96.8,6749,3147
108561803,Conemaugh Township Area SD,Somerset,45752,0.8148,8.6,34.1,1013,100,6668,2070
108565203,Meyersdale Area SD,Somerset,46441,0.8835,22.5,38.6,884,100,8218,2491
108565503,North Star SD,Somerset,42893,0.8376,19.3,40.8,1168,98.6,6531,3095
108566303,Rockwood Area SD,Somerset,49238,0.9069,16.8,40.9,738,100,4639,3058
108567004,Salisbury-Elk Lick SD,Somerset,39787,0.9496,21.4,37.7,271,100,7255,2689
108567204,Shade-Central City SD,Somerset,42030,0.9202,13.3,32.4,468,100,8468,3642
108567404,Shanksville-Stonycreek SD,Somerset,54716,0.9437,20.5,44,322,96.9,4842,3530
108567703,Somerset Area SD,Somerset,45833,0.7125,18,36.8,2210,94.1,3639,3250
108568404,Turkeyfoot Valley Area SD,Somerset,35898,0.9456,18.2,46.9,379,100,6152,4382
108569103,Windber Area SD,Somerset,37642,0.7848,24.1,42.1,1185,99.1,7337,3222
109122703,Cameron County SD,Cameron,39897,0.9363,20.2,45.9,604,97.5,8988,4562
109243503,Johnsonburg Area SD,Elk,46083,0.9272,20.7,44,593,94.6,8590,3422
109246003,Ridgway Area SD,Elk,45704,0.8991,11.1,24.4,846,95.7,6031,3007
109248003,Saint Marys Area SD,Elk,47720,0.7793,9.3,33.9,2102,96.8,3145,2073
109420803,Bradford Area SD,McKean,43702,0.7169,21,40.1,2589,93.9,5059,3398
109422303,Kane Area SD,McKean,43351,0.8686,23.1,48.1,1182,97.2,6983,4072
109426003,Otto-Eldred SD,McKean,46310,0.8982,17.6,44.9,684,100,8245,3602
109426303,Port Allegany SD,McKean,39655,0.8945,20.4,48.3,892,98.7,8187,4408
109427503,Smethport Area SD,McKean,45208,0.9114,26,44,832,100,7798,4025
109530304,Austin Area SD,Potter,39205,0.9807,8.7,24.4,165,100,8960,4763
109531304,Coudersport Area SD,Potter,45142,0.9092,15.7,33.5,808,93.6,5366,4055
109532804,Galeton Area SD,Potter,40682,0.9625,20.9,40,357,96.2,6076,4801
109535504,Northern Potter SD,Potter,39980,0.9376,23.8,50.4,564,100,7683,4131
109537504,Oswayo Valley SD,Potter,34915,0.9432,17.1,47.7,421,100,8773,6367
110141003,Bald Eagle Area SD,Centre,54049,0.8206,15.1,31,1709,96.5,4798,2727
110141103,Bellefonte Area SD,Centre,54253,0.6266,12.3,29.9,2808,94.4,2997,2203
110147003,Penns Valley Area SD,Centre,51312,0.8361,20.9,36.7,1515,99.1,3483,3352
110148002,State College Area SD,Centre,52932,0.1298,9,20.3,7169,80.8,1077,2372
110171003,Clearfield Area SD,Clearfield,41589,0.7583,11.3,37.2,2352,96.3,5370,3200
110171803,Curwensville Area SD,Clearfield,38881,0.857,18.9,45.6,1035,100,7278,4472
110173003,Glendale SD,Clearfield,39563,0.8834,19.6,51.8,815,98.6,6937,4877
110173504,Harmony Area SD,Clearfield,40507,0.9534,22,49.7,309,100,8923,4570
110175003,Moshannon Valley SD,Clearfield,38750,0.8662,24.7,43.4,913,98.3,7593,4430
110177003,Philipsburg-Osceola Area SD,Clearfield,40696,0.7987,16,38.3,1802,98.3,6531,3723
110179003,West Branch Area SD,Clearfield,44891,0.868,27.3,50.7,1080,100,6863,4122
110183602,Keystone Central SD,Clinton,43931,0.584,24.2,45.6,4458,94.4,4590,3273
111291304,Central Fulton SD,Fulton,45654,0.869,17.2,45.9,989,95.2,5605,3394
111292304,Forbes Road SD,Fulton,47931,0.9479,12.9,29.5,367,100,7779,3406
111297504,Southern Fulton SD,Fulton,53305,0.9119,10.8,27,761,98.7,5826,2256
111312503,Huntingdon Area SD,Huntingdon,43842,0.7793,19.2,41.1,2078,95.8,3848,2483
111312804,Juniata Valley SD,Huntingdon,49659,0.9034,13.8,46.5,747,100,6723,3020
111316003,Mount Union Area SD,Huntingdon,39614,0.8106,25.9,51.8,1517,88.2,5853,4065
111317503,Southern Huntingdon County SD,Huntingdon,45099,0.8599,16.3,42.5,1233,98.1,5574,2968
111343603,Juniata County SD,Juniata,47308,0.6935,20.4,44.2,2982,91,3447,2045
111444602,Mifflin County SD,Mifflin,41203,0.4594,22.6,44.5,5179,92.2,4093,3655
112011103,Bermudian Springs SD,Adams,65797,0.67,8.5,25.4,2073,82.9,2984,1959
112011603,Conewago Valley SD,Adams,56609,0.3722,16.3,37,3954,82.7,2232,2546
112013054,Fairfield Area SD,Adams,69052,0.8057,5.9,18.6,1082,96.6,3235,1926
112013753,Gettysburg Area SD,Adams,59114,0.6369,18.9,39,3110,78.8,2513,2379
112015203,Littlestown Area SD,Adams,63107,0.5953,8.8,23.7,2061,91.6,3089,1819
112018523,Upper Adams SD,Adams,57842,0.7358,14.7,32,1778,71.7,3641,3024
112281302,Chambersburg Area SD,Franklin,53676,-0.0265,15.9,37.7,9514,66.8,2229,2599
112282004,Fannett-Metal SD,Franklin,48580,0.9318,35.9,50.9,510,100,4590,3424
112283003,Greencastle-Antrim SD,Franklin,66474,0.5034,4.2,14.6,3080,89.7,1971,1671
112286003,Tuscarora SD,Franklin,51992,0.7082,13.9,36.9,2547,92.6,3284,2629
112289003,Waynesboro Area SD,Franklin,50695,0.3518,14.5,34.6,4485,88.1,2964,2019
112671303,Central York SD,York,62840,-0.619,7.1,18.9,5975,71.7,1339,2654
112671603,Dallastown Area SD,York,61511,-0.1661,13.2,27.1,6432,80.4,1466,2505
112671803,Dover Area SD,York,57489,0.3764,13.7,19.8,3796,86.5,3029,2481
112672203,Eastern York SD,York,53867,0.5136,20.5,42.9,2659,90,2901,2798
112672803,Hanover Public SD,York,44251,-1.8633,29.9,47.3,1921,72.7,1634,4594
112674403,Northeastern York SD,York,62257,0.2332,11.3,34.7,4016,80.9,2821,2966
112675503,Red Lion Area SD,York,58057,0.3094,12.7,29.2,5495,87.8,2783,2585
112676203,South Eastern SD,York,65141,0.6073,12.2,37.3,2810,94.1,3197,2422
112676403,South Western SD,York,69026,0.2485,5.2,18.8,4142,89.6,2469,1895
112676503,Southern York County SD,York,72212,0.4755,3.6,10.5,3163,90.6,2470,1584
112676703,Spring Grove Area SD,York,66435,0.4351,8.9,23.1,3913,87.9,2758,1919
112678503,West York Area SD,York,53212,-0.1028,16.4,29.9,3220,68.9,1959,3389
112679002,York City SD,York,29025,-7.4775,51.2,77.9,8030,14.3,8089,14373
112679403,York Suburban SD,York,65518,-0.7886,3.7,9.9,3031,75.6,754,2354
113361303,Cocalico SD,Lancaster,66346,0.4142,9.7,31.3,3042,87.3,2415,2070
113361503,Columbia Borough SD,Lancaster,41799,-2.3397,21.2,58.2,1458,59.9,4722,5588
113361703,Conestoga Valley SD,Lancaster,56667,0.1895,19.9,39.4,4441,66.7,960,3148
113362203,Donegal SD,Lancaster,62399,0.2957,17.2,28.4,3054,82.2,2338,2206
113362303,Eastern Lancaster County SD,Lancaster,59198,0.5612,11.8,27.2,3060,82.7,1460,2094
113362403,Elizabethtown Area SD,Lancaster,58734,0.3013,6.1,24.6,3854,90.8,2310,2147
113362603,Ephrata Area SD,Lancaster,55906,0.1499,15.9,37,4075,83.8,2379,2589
113363103,Hempfield  SD,Lancaster,68142,-0.3905,7.7,19.1,6755,74.7,1895,1819
113363603,Lampeter-Strasburg SD,Lancaster,67340,0.3171,5.5,23.3,2976,86.9,1402,2018
113364002,Lancaster SD,Lancaster,37687,-4.5389,38.6,69.3,11404,13.3,5393,8923
113364403,Manheim Central SD,Lancaster,63303,0.5377,6.4,15.1,2963,86.6,2327,1809
113364503,Manheim Township SD,Lancaster,68547,-0.7889,7.2,18.5,5833,68.1,976,2188
113365203,Penn Manor SD,Lancaster,59278,0.3102,6.4,22.9,5163,80.3,2239,2042
113365303,Pequea Valley SD,Lancaster,58527,0.7405,9.8,37.4,1635,85.7,1713,2143
113367003,Solanco SD,Lancaster,57286,0.5807,12.4,37.9,3571,88.6,2827,2088
113369003,Warwick SD,Lancaster,62682,0.0753,6.9,26.2,4133,87.7,2391,2248
113380303,Annville-Cleona SD,Lebanon,56126,0.6718,8.2,23.8,1485,90.1,3135,2308
113381303,Cornwall-Lebanon SD,Lebanon,63367,0.2221,10.3,26,4675,81.8,2193,1975
113382303,Eastern Lebanon County SD,Lebanon,57419,0.6128,12.3,32.8,2374,94,2124,2395
113384603,Lebanon SD,Lebanon,35062,-5.2041,40.7,67.8,5003,29.9,5823,8342
113385003,Northern Lebanon SD,Lebanon,60503,0.7132,12.1,30,2296,91.3,3346,1995
113385303,Palmyra Area SD,Lebanon,60290,0.2051,5.9,23.4,3520,88.3,1837,2022
114060503,Antietam SD,Berks,49657,-0.1759,25.1,35.9,1070,64,3250,4372
114060753,Boyertown Area SD,Berks,71250,0.012,7.6,20.9,6926,92,2154,1613
114060853,Brandywine Heights Area SD,Berks,62311,0.7079,3.5,8.5,1500,93.6,2754,1747
114061103,Conrad Weiser Area SD,Berks,65201,0.5211,10.5,32.4,2664,81.7,2378,2067
114061503,Daniel Boone Area SD,Berks,76263,0.2649,5.7,17.8,3433,87.6,2481,1669
114062003,Exeter Township SD,Berks,73474,-0.2289,7.1,23.6,4104,82,2125,1868
114062503,Fleetwood Area SD,Berks,67397,0.416,10.5,21.5,2596,86.2,2333,2149
114063003,Governor Mifflin SD,Berks,60712,0.1134,9.1,20.1,4118,72.5,1510,2127
114063503,Hamburg Area SD,Berks,55884,0.684,22.6,33.3,2262,91.7,3031,2659
114064003,Kutztown Area SD,Berks,59472,0.8008,11.1,27.3,1387,89.4,2431,1973
114065503,Muhlenberg SD,Berks,60551,-0.8207,11.4,27.7,3711,47.1,1457,2814
114066503,Oley Valley SD,Berks,69417,0.7046,1.1,7.5,1711,93.2,2278,1450
114067002,Reading SD,Berks,26784,-10.0221,55.2,82.5,18129,5.9,7445,12666
114067503,Schuylkill Valley SD,Berks,68798,0.6149,5.4,19.3,2057,85.9,1344,2147
114068003,Tulpehocken Area SD,Berks,60712,0.799,9.7,31.3,1443,83.6,2856,2486
114068103,Twin Valley SD,Berks,71195,0.4886,7.8,20.1,3482,91.3,1570,1984
114069103,Wilson  SD,Berks,66941,-0.3955,6.5,22.1,6094,69.5,1303,2450
114069353,Wyomissing Area SD,Berks,66601,-2.1162,9.2,17.6,1972,67.6,830,2558
115210503,Big Spring SD,Cumberland,61474,0.69,13.6,30.9,2671,94.9,3504,2067
115211003,Camp Hill SD,Cumberland,67888,-2.2635,4.8,14.2,1283,83.3,1164,2156
115211103,Carlisle Area SD,Cumberland,56845,0.2072,17,33.9,5085,72.6,2527,2661
115211603,Cumberland Valley SD,Cumberland,77198,-0.1513,6.1,16.3,8420,77.6,1311,1494
115212503,East Pennsboro Area SD,Cumberland,62458,-0.6142,11.7,22.4,2802,75.3,2176,1945
115216503,Mechanicsburg Area SD,Cumberland,62169,-0.6401,9.1,22.5,3958,78.8,1655,2321
115218003,Shippensburg Area SD,Cumberland,45458,0.5457,28.4,50.1,3440,87.7,2802,3281
115218303,South Middleton SD,Cumberland,67199,0.5711,6.6,14.8,2166,89.9,2023,1728
115219002,West Shore SD,York,59000,-0.2328,11.8,29.5,7787,82.7,1746,2026
115221402,Central Dauphin SD,Dauphin,63457,-0.4891,11.2,24.8,11736,52.7,1514,1998
115221753,Derry Township SD,Dauphin,65833,0.0404,12.6,17.9,3393,75.3,816,2293
115222504,Halifax Area SD,Dauphin,54948,0.8362,7.9,37.7,1076,91.8,5227,2586
115222752,Harrisburg City SD,Dauphin,33289,-2.8905,46.6,75.4,7518,3.4,6695,10599
115224003,Lower Dauphin SD,Dauphin,68930,0.4661,6.3,15.8,3697,85.6,2605,1680
115226003,Middletown Area SD,Dauphin,50663,0.0299,17.1,30.4,2458,68.1,3268,3287
115226103,Millersburg Area SD,Dauphin,50719,0.7944,4.2,34.5,819,94.5,4868,1888
115228003,Steelton-Highspire SD,Dauphin,43567,-1.977,33,45.5,1432,17.5,5727,5252
115228303,Susquehanna Township SD,Dauphin,61853,-0.254,1.7,15.5,2863,32.1,1334,1783
115229003,Upper Dauphin Area SD,Dauphin,48371,0.8159,21.3,47.7,1258,93.3,4649,3459
115503004,Greenwood SD,Perry,57446,0.8874,8.3,20,799,98.7,4365,2577
115504003,Newport SD,Perry,53181,0.8211,20.2,33.5,1089,94.6,5386,2935
115506003,Susquenita SD,Perry,60615,0.7366,9.6,25,1843,92.6,4381,1568
115508003,West Perry SD,Perry,55921,0.7282,11.7,32.8,2555,96.5,3407,2016
115674603,Northern York County SD,York,64724,0.5291,6,26,3171,93.8,2374,1818
116191004,Benton Area SD,Columbia,49879,0.896,23.8,46.2,723,98,4610,3537
116191103,Berwick Area SD,Columbia,42389,0.5417,23.3,42.9,3093,88.9,4772,3658
116191203,Bloomsburg Area SD,Columbia,36400,0.7466,9.8,32.5,1698,88.2,3420,3409
116191503,Central Columbia SD,Columbia,52839,0.7009,8.1,20.9,1898,93,3405,2289
116195004,Millville Area SD,Columbia,52449,0.8939,16.2,37.3,741,100,5561,2581
116197503,Southern Columbia Area SD,Columbia,52171,0.798,16.4,30.6,1473,96.7,3151,2381
116471803,Danville Area SD,Montour,54692,0.6898,15.5,29.5,2402,87.5,3020,1994
116493503,Line Mountain SD,Northumberland,49076,0.8472,20.4,45.1,1251,97.8,5043,3253
116495003,Milton Area SD,Northumberland,46527,0.6832,19.6,35.5,2117,90,4361,2624
116495103,Mount Carmel Area SD,Northumberland,35501,0.5191,30,50,1521,91.8,5448,3649
116496503,Shamokin Area SD,Northumberland,36964,0.6029,17.8,43.4,2398,89.5,5188,3190
116496603,Shikellamy SD,Northumberland,42393,0.5372,16.4,49.7,2937,81.7,4312,3874
116498003,Warrior Run SD,Northumberland,51307,0.7883,15.9,30.8,1545,96.6,4119,2102
116555003,Midd-West SD,Snyder,47346,0.7492,18.7,44.8,2198,97.9,4017,3388
116557103,Selinsgrove Area SD,Snyder,51894,0.6193,15.5,39.8,2724,89.6,2878,2836
116604003,Lewisburg Area SD,Union,50192,0.5815,17.8,34.5,1957,80.7,1848,3511
116605003,Mifflinburg Area SD,Union,48040,0.7597,12.8,39.5,2099,93.4,3773,2483
117080503,Athens Area SD,Bradford,47872,0.749,20.4,38.6,2137,96.3,5443,3676
117081003,Canton Area SD,Bradford,46113,0.8917,22.8,55.6,918,98.6,7580,3563
117083004,Northeast Bradford SD,Bradford,50844,0.8974,19.8,42.6,848,98.2,6971,3010
117086003,Sayre Area SD,Bradford,42050,0.7314,12.5,48.1,1030,98.8,5834,3384
117086503,Towanda Area SD,Bradford,49560,0.8135,20.3,45.7,1564,95.3,4285,3069
117086653,Troy Area SD,Bradford,51844,0.8391,16.6,39.5,1476,95.7,6209,2519
117089003,Wyalusing Area SD,Bradford,55800,0.8548,17.1,40.8,1328,95.9,5175,2547
117412003,East Lycoming SD,Lycoming,55530,0.7982,10.4,32,1614,99.2,5096,2078
117414003,Jersey Shore Area SD,Lycoming,53864,0.7329,11,31,2592,97.1,5023,2267
117414203,Loyalsock Township SD,Lycoming,44239,0.4873,7,19.6,1518,82,2108,3669
117415004,Montgomery Area SD,Lycoming,51078,0.8698,18.6,39.1,888,92.2,5874,3150
117415103,Montoursville Area SD,Lycoming,55213,0.7672,9.2,21.7,2023,94.6,3454,2112
117415303,Muncy SD,Lycoming,49688,0.7554,8.2,23.3,1073,96.1,3648,2677
117416103,South Williamsport Area SD,Lycoming,42938,0.6871,20.5,28.1,1305,93.2,4662,3160
117417202,Williamsport Area SD,Lycoming,41369,0.2837,30.6,53.4,5081,66.4,5077,4717
117576303,Sullivan County SD,Sullivan,44189,0.935,21.6,40.3,655,97.5,4084,3974
117596003,Northern Tioga SD,Tioga,43333,0.7824,16.5,40.6,2090,96.6,5981,3527
117597003,Southern Tioga SD,Tioga,47947,0.8154,14.6,37.8,1862,97.7,4714,2676
117598503,Wellsboro Area SD,Tioga,50105,0.8412,13.3,39.7,1543,94.7,3968,2879
118401403,Crestwood SD,Luzerne,70495,0.6,4.8,14.7,2916,92,2488,1229
118401603,Dallas SD,Luzerne,62838,0.4756,9.3,20.6,2663,93.7,2233,1760
118402603,Greater Nanticoke Area SD,Luzerne,37725,0.5576,39.3,61.5,2368,89.1,4723,4689
118403003,Hanover Area SD,Luzerne,38257,0.3018,25.5,49.2,2151,74.5,3617,4868
118403302,Hazleton Area SD,Luzerne,42879,-0.1889,27.6,50.2,11185,48.5,3356,4129
118403903,Lake-Lehman SD,Luzerne,60569,0.7546,9.1,29.9,1932,97.6,3544,1745
118406003,Northwest Area SD,Luzerne,50352,0.8481,17.8,36,1114,98.9,6462,2523
118406602,Pittston Area SD,Luzerne,46388,0.2361,19.5,38,3371,89.3,2915,2855
118408852,Wilkes-Barre Area SD,Luzerne,37780,0.009,40.5,61.6,7503,46.2,3713,7076
118409203,Wyoming Area SD,Luzerne,49531,0.3319,18.2,37.7,2359,91,3333,2400
118409302,Wyoming Valley West SD,Luzerne,44239,-1.2637,27.6,48.3,5129,76.6,3859,3409
118667503,Tunkhannock Area SD,Wyoming,51149,0.7264,15.6,31.2,2511,96.3,4439,2268
119350303,Abington Heights SD,Lackawanna,73248,0.4674,2,15.5,3272,89.9,1942,1408
119351303,Carbondale Area SD,Lackawanna,34853,0.3418,39.1,55.5,1788,86,4868,6645
119352203,Dunmore SD,Lackawanna,49275,-0.0679,22.9,46.9,1573,85.2,2764,2145
119354603,Lakeland SD,Lackawanna,51758,0.7383,14.2,25.8,1553,96.6,3489,1846
119355503,Mid Valley SD,Lackawanna,44660,0.2127,28.3,41.1,1827,83.2,2333,3021
119356503,North Pocono SD,Lackawanna,60189,0.6465,11.6,23.4,3054,94.5,2804,2424
119356603,Old Forge SD,Lackawanna,48169,-0.5674,21.6,34.8,982,85.3,3106,2118
119357003,Riverside  SD,Lackawanna,44639,0.134,18,43.2,1566,80.4,3220,3933
119357402,Scranton SD,Lackawanna,37218,-1.9562,30.3,55.8,10158,51.6,4165,6844
119358403,Valley View SD,Lackawanna,45720,0.3039,11.1,17.9,2491,88.6,3195,2382
119581003,Blue Ridge SD,Susquehanna,45511,0.8593,18.6,40.4,1037,94.2,6298,3400
119582503,Elk Lake SD,Susquehanna,56199,0.8608,15.6,36.8,1214,95.6,5546,2096
119583003,Forest City Regional SD,Susquehanna,49267,0.8898,22.8,35.9,752,96.8,4582,2956
119584503,Montrose Area SD,Susquehanna,54099,0.8348,13.7,37.6,1455,98.3,5197,1853
119584603,Mountain View SD,Susquehanna,54861,0.8785,15.9,44.4,1017,94.7,5268,1883
119586503,Susquehanna Community SD,Susquehanna,39969,0.8871,22.5,45.1,789,98.3,8369,4687
119648303,Wallenpaupack Area SD,Pike,53365,0.6709,15.1,31,3168,89,1688,2942
119648703,Wayne Highlands SD,Wayne,46332,0.7245,23.1,40.7,2660,94.3,3155,3914
119648903,Western Wayne SD,Wayne,52115,0.7593,11.4,36.8,1943,90.5,2630,3075
119665003,Lackawanna Trail SD,Wyoming,56324,0.8243,19.6,35.9,1084,96.4,5233,2111
120452003,East Stroudsburg Area SD,Monroe,56800,0.18,18.7,44.1,7241,46.3,2165,4522
120455203,Pleasant Valley SD,Monroe,61068,0.3241,11.1,26.6,4814,76.2,4644,2365
120455403,Pocono Mountain SD,Monroe,54772,-0.0323,18.6,43.5,9672,46.6,2822,4622
120456003,Stroudsburg Area SD,Monroe,59250,0.172,16.3,30.7,5111,57.1,2744,3439
120480803,Bangor Area SD,Northampton,57278,0.5396,11.1,28.7,3102,90.3,3107,2524
120481002,Bethlehem Area SD,Northampton,55396,-2.2791,17.4,37,15745,45.4,2018,3238
120483302,Easton Area SD,Northampton,62023,-1.3011,16.6,28.2,9015,51.6,2314,2728
120484803,Nazareth Area SD,Northampton,79419,0.0713,3.6,9.3,4778,88.3,1871,1733
120484903,Northampton Area SD,Northampton,61176,0.1808,8.6,21.8,5774,86.5,2402,2175
120485603,Pen Argyl Area SD,Northampton,55263,0.5198,7.3,25.1,1700,90.9,2865,2547
120486003,Saucon Valley SD,Northampton,65948,0.3328,7,12.8,2250,87.2,1412,1997
120488603,Wilson Area SD,Northampton,59221,0.2332,11,28,2233,64.3,2495,2551
120522003,Delaware Valley SD,Pike,65354,0.4531,9.2,19.4,4713,83.8,3020,2187
121135003,Jim Thorpe Area SD,Carbon,52652,0.7071,21.4,55,2173,78.6,1600,4559
121135503,Lehighton Area SD,Carbon,51798,0.583,16.3,31.1,2511,92,3541,3017
121136503,Palmerton Area SD,Carbon,55175,0.6373,13.8,30.7,1906,95.7,3450,2703
121136603,Panther Valley SD,Carbon,36183,0.5797,34.2,65,1742,88.1,4926,6974
121139004,Weatherly Area SD,Carbon,47260,0.9091,15.8,36.6,650,93.6,4875,3490
121390302,Allentown City SD,Lehigh,36930,-6.336,38.6,69.8,19611,11.5,5636,8575
121391303,Catasauqua Area SD,Lehigh,51333,-0.439,23.1,36,1557,60.6,2765,3388
121392303,East Penn SD,Lehigh,70640,-0.6813,5.1,15.8,8252,77.9,1432,1825
121394503,Northern Lehigh SD,Lehigh,58406,0.5018,11.8,21.5,1666,85.6,4179,2013
121394603,Northwestern Lehigh SD,Lehigh,74282,0.6946,4.1,16,2219,92.2,2566,1638
121395103,Parkland SD,Lehigh,81647,-0.476,3.5,11.1,9176,69.8,849,1617
121395603,Salisbury Township SD,Lehigh,70290,0.0855,7.8,24.6,1674,72.3,1439,1805
121395703,Southern Lehigh SD,Lehigh,83597,0.364,3,11.2,3144,87.6,1462,1444
121397803,Whitehall-Coplay SD,Lehigh,55491,-1.071,10.9,22.7,4410,56.6,1796,2704
122091002,Bensalem Township SD,Bucks,60147,-1.5644,11.1,25.5,7617,55.5,1649,2548
122091303,Bristol Borough SD,Bucks,41701,-2.9463,17.2,44.8,1387,49.6,4673,4520
122091352,Bristol Township SD,Bucks,57678,-1.8491,11.9,39.1,7232,62.4,2893,2823
122092002,Centennial SD,Bucks,66762,-1.1798,6.4,21.6,5486,75.8,2254,1706
122092102,Central Bucks SD,Bucks,98549,-1.4707,5.3,8.9,18450,85.4,975,1265
122092353,Council Rock SD,Bucks,110935,-0.777,2.9,9.2,10797,87.8,1338,782
122097203,Morrisville Borough SD,Bucks,61615,-1.6217,9.9,31.1,938,37.9,3339,1664
122097502,Neshaminy SD,Bucks,78523,-1.4886,5.6,17.1,9075,83,1473,1349
122097604,New Hope-Solebury SD,Bucks,113655,0.5868,1.9,11.2,1487,85.6,812,629
122098003,Palisades SD,Bucks,70499,0.7619,7.6,27.9,1639,93.3,1849,1560
122098103,Pennridge SD,Bucks,75251,-0.0644,6,15.1,7315,88.6,1477,1874
122098202,Pennsbury SD,Bucks,87247,-1.1406,4.6,14.2,11084,78.2,1443,1268
122098403,Quakertown Community SD,Bucks,65720,0.1399,7.6,19.6,5342,84.2,1868,2242
123460302,Abington  SD,Montgomery,76402,-2.2785,7.1,18.3,7871,65,853,1552
123461302,Cheltenham Township SD,Montgomery,76521,-2.0916,8.3,18.3,4643,34.3,1045,1470
123461602,Colonial SD,Montgomery,89526,-0.4712,5.9,14.1,4858,76.2,660,937
123463603,Hatboro-Horsham SD,Montgomery,82070,-0.7369,1.1,8.5,4686,78.7,1047,1369
123463803,Jenkintown SD,Montgomery,63792,-4.9283,13.8,17.7,670,78.4,1356,2169
123464502,Lower Merion SD,Montgomery,115987,-1.4139,1.4,4.3,8194,73.6,475,640
123464603,Lower Moreland Township SD,Montgomery,105870,-0.7767,4,16.9,2213,78.1,964,1192
123465303,Methacton SD,Montgomery,100292,-0.2435,6.1,10.7,4836,72.1,1399,999
123465602,Norristown Area SD,Montgomery,56649,-2.2237,24,48.1,7807,17.9,1582,2955
123465702,North Penn SD,Montgomery,78741,-1.637,6.2,17.3,12523,62.4,816,1347
123466103,Perkiomen Valley SD,Montgomery,94381,-0.4593,7.4,14.9,5608,84.8,1140,1337
123466303,Pottsgrove SD,Montgomery,71513,-0.4481,8,21.2,3409,68.2,2410,2067
123466403,Pottstown SD,Montgomery,43075,-2.784,34.9,59.2,3282,37.7,3390,7433
123467103,Souderton Area SD,Montgomery,80233,-0.2894,4.8,16.5,6633,81.4,1424,1567
123467203,Springfield Township SD,Montgomery,85000,-1.0093,3,7.7,2369,74,604,1141
123467303,Spring-Ford Area SD,Montgomery,86980,-0.6646,4.3,11,7865,81.1,1227,1457
123468303,Upper Dublin SD,Montgomery,110065,-1.0587,4.6,7.8,4193,75.2,695,1011
123468402,Upper Merion Area SD,Montgomery,76736,-0.4214,9.4,17.6,3858,57.2,628,1348
123468503,Upper Moreland Township SD,Montgomery,65180,-1.3518,9.1,24.9,3136,74.4,1169,2148
123468603,Upper Perkiomen SD,Montgomery,68816,0.3754,5.9,20.4,3303,89.5,2655,1796
123469303,Wissahickon SD,Montgomery,96728,-0.4273,7.3,15.8,4494,64.6,585,810
124150503,Avon Grove SD,Chester,86070,0.0063,5.9,17.9,5713,70.3,2645,1678
124151902,Coatesville Area SD,Chester,65494,-0.3981,19.5,38.3,8800,47.9,2858,2528
124152003,Downingtown Area SD,Chester,104366,-0.9459,2.6,6.9,12856,78.6,1136,1133
124153503,Great Valley SD,Chester,97383,0.1627,5.3,9.9,3998,72.5,647,1029
124154003,Kennett Consolidated SD,Chester,95692,-0.0803,12.3,21.9,4424,50.9,1278,1598
124156503,Octorara Area SD,Chester,66105,0.5907,5.4,25,2617,78.1,2392,2504
124156603,Owen J Roberts SD,Chester,86124,0.2566,5.4,11.9,5337,85.4,1105,1430
124156703,Oxford Area SD,Chester,66960,0.3323,15.6,28.9,4360,67.1,2910,2971
124157203,Phoenixville Area SD,Chester,70657,-0.3836,9.5,22.5,4147,74.9,1156,1870
124157802,Tredyffrin-Easttown SD,Chester,118589,-0.7887,5.8,10,6527,72.7,543,728
124158503,Unionville-Chadds Ford SD,Chester,117304,0.372,4.2,7.1,3967,80.7,825,894
124159002,West Chester Area SD,Chester,86987,-0.9268,4.1,8.5,12029,79.4,682,1058
125231232,Chester-Upland SD,Delaware,29104,-4.2498,43.6,71.5,7065,1.6,10905,10218
125231303,Chichester SD,Delaware,55185,-1.0104,14.3,30.8,3441,62.8,3083,3110
125234103,Garnet Valley SD,Delaware,97500,-0.5739,3.3,6.2,4689,80.3,895,1179
125234502,Haverford Township SD,Delaware,95862,-2.5491,4.9,9.2,5768,84.8,590,926
125235103,Interboro SD,Delaware,58379,-0.9415,10.3,28.3,3445,81.1,2582,2481
125235502,Marple Newtown SD,Delaware,79030,-0.1257,4.9,20.1,3236,87.9,849,1162
125236903,Penn-Delco SD,Delaware,74061,-1.6023,3.7,17.8,3362,86.1,1865,1449
125237603,Radnor Township SD,Delaware,106538,-0.7308,4.7,9.6,3762,73.3,556,859
125237702,Ridley SD,Delaware,64934,-3.1308,9,25.7,5453,80.4,2201,2038
125237903,Rose Tree Media SD,Delaware,90265,0.0153,4.4,7.2,3733,82.9,790,833
125238402,Southeast Delco SD,Delaware,49928,-4.6475,26.5,49.7,4525,20.8,3605,4693
125238502,Springfield SD,Delaware,93210,-2.3898,2.5,11.4,3908,82.5,767,1204
125239452,Upper Darby SD,Delaware,48835,-7.7163,20.6,46,12577,29.8,3013,4265
125239603,Wallingford-Swarthmore SD,Delaware,102857,-1.9074,2.8,7,3465,75,994,1027
125239652,William Penn SD,Delaware,48511,-5.8118,19.9,46.6,5636,3.8,3987,4358
126515001,Philadelphia City SD,Philadelphia,38253,-24.367,37.3,59.5,204058,13.6,5378,7351
127040503,Aliquippa SD,Beaver,30851,-0.5946,50.1,76.9,1261,17.9,7105,9209
127040703,Ambridge Area SD,Beaver,49731,0.1396,15,30.9,2917,78.8,3718,2687
127041203,Beaver Area SD,Beaver,56779,0.347,11.7,24.1,2034,93.5,2724,2048
127041503,Big Beaver Falls Area SD,Beaver,36000,0.4261,40.7,63.8,1772,57.6,6148,6467
127041603,Blackhawk SD,Beaver,54588,0.5887,13.5,37.4,2517,95.1,3711,2119
127042003,Central Valley SD,Beaver,61163,0.2803,6.3,27.1,2380,91.4,3626,1527
127042853,Freedom Area SD,Beaver,52849,0.6337,16,46,1490,94.9,5397,1972
127044103,Hopewell Area SD,Beaver,63210,0.5987,5.3,16.7,2194,92.1,4415,1332
127045303,Midland Borough SD,Beaver,22907,-0.1644,43,69.7,420,63.9,8272,10268
127045653,New Brighton Area SD,Beaver,44338,0.2094,20.2,42.2,1512,78.4,6993,3283
127045853,Riverside Beaver County SD,Beaver,58969,0.6995,16.9,24.5,1521,97.7,5194,1823
127046903,Rochester Area SD,Beaver,41641,0.0787,34.8,52.6,800,73.9,7883,4497
127047404,South Side Area SD,Beaver,65597,0.8193,5.6,24.2,1108,98.2,9194,1472
127049303,Western Beaver County SD,Beaver,55211,0.818,7.5,34.1,770,89.5,7102,2059
128030603,Apollo-Ridge SD,Armstrong,44763,0.7868,19.4,37.4,1365,95.5,6081,4136
128030852,Armstrong SD,Armstrong,43876,0.454,17.6,41,5336,96.9,5590,3298
128033053,Freeport Area SD,Armstrong,65625,0.6452,9.5,21.7,1891,98.1,3516,1759
128034503,Leechburg Area SD,Armstrong,44432,0.7028,27.1,48.7,770,96.8,5596,4113
128321103,Blairsville-Saltsburg SD,Indiana,44851,0.7758,15.3,39,1619,93.9,5871,3163
128323303,Homer-Center SD,Indiana,46250,0.8129,13.5,41.2,880,95.9,6327,3653
128323703,Indiana Area SD,Indiana,42685,0.5735,6.2,27.1,2816,88.1,3325,2648
128325203,Marion Center Area SD,Indiana,53253,0.8431,22.6,39.7,1351,100,6989,2580
128326303,Penns Manor Area SD,Indiana,44941,0.865,24,41.1,884,100,8365,4131
128327303,Purchase Line SD,Indiana,39327,0.8809,30.5,51.5,926,98.9,9631,4821
128328003,United SD,Indiana,48637,0.8561,20.3,38.8,1122,99.1,7906,3120
129540803,Blue Mountain SD,Schuylkill,60454,0.6366,4.7,18.1,2753,94.1,2940,1726
129544503,Mahanoy Area SD,Schuylkill,38779,0.7901,21.4,45.7,1080,84.1,7040,4703
129544703,Minersville Area SD,Schuylkill,40980,0.7653,16.7,33.2,1270,89.7,4576,4074
129545003,North Schuylkill SD,Schuylkill,42268,0.6813,20.8,43.5,1979,95.8,4510,3525
129546003,Pine Grove Area SD,Schuylkill,51260,0.7717,19.1,35.1,1647,97.3,4151,2994
129546103,Pottsville Area SD,Schuylkill,40351,-0.4309,21.7,44.8,2725,86.7,4896,3632
129546803,Saint Clair Area SD,Schuylkill,40175,0.8411,16.1,45.2,739,91.3,4446,3945
129547203,Shenandoah Valley SD,Schuylkill,31216,0.4035,38.5,53.6,1115,56.1,6570,8148
129547303,Schuylkill Haven Area SD,Schuylkill,50625,0.6062,10.4,24.5,1256,92.5,5040,2668
129547603,Tamaqua Area SD,Schuylkill,50536,0.7243,17,31.5,2125,92.4,3288,2295
129547803,Tri-Valley SD,Schuylkill,50242,0.8737,6,35.8,918,96.8,4958,2423
129548803,Williams Valley SD,Schuylkill,45614,0.8136,17.1,43.6,1068,94.4,6620,3254